Substance;Lobith;WeilAR;
330-54-1; 0.34037E-07; 0.17969E-07;
37350-58-6; 0.95378E-07; 0.28822E-07;
95-14-7; 0.20049E-05; 0.72963E-06;
